address,amount
0x93AF1B9BdD5a98ba92D746DbB8217e652309c857,793470.6782246922
0xfD61CeF0879Dafb9EbFAbe59B8E25d221821c722,625988.015546082
0xBc737139DD8c8D192f4B9aA713aD99036f004007,357329.2385522053
0x4341F1BDd076760013FfC1AeFF9fCf1c2C815fAB,348508.2665248077
0x4fD5065f59643e343272DB1EbCDDdee194Cae358,319755.127994915
0x8eB52188234BadCD7DF8afeD9C3e49BC2e7ffdB9,260252.7460020297
0x8Ed9a20098be9e7D637e3A7f6E7cc998049362A4,208036.8281125205
0xA18993696974119100a7C6A7171225A04Ab2863f,206467.7980875983
0x843a0499a3aDA331bbeCF5E573DAF9C0d808971e,152216.63166024923
0x9E1000D445c0a6dc1252868980c0c1112095483c,113559.20499253843
0x4d08a1Ec94ca749bE19A9209541Ad4590375421D,98413.73478926516
0x57fd845a905c37D39195867d1C8cc8B2d8B3DD6C,93179.83892005056
0x730Ff3540746057336620510e1cED6f5326602e8,84045.47935675998
0xe625F16244624B8674371A01086478152E23C149,81482.79478925146
0xf79c56b207155F53f574518aAc694da7d74d8FB7,77489.00151537852
0x77D20F43B5aeB69a533E2E8A64020491D3e3d198,66996.70447965772
0x89502Dd6626c3D0C971c73B74c40B460D0fAd529,62890.94598759078
0xd9D9CB8037d8a11a511398C3a790DEd9bdF21B08,59740.54437580575
0x24783027F070019A562E2e2BeBC1478C78e6d45e,51234.970286625896
0x3fbDF3e4aD2C661C8EC6067A69e339b1A730eb52,46828.716865730596
0x242559CceEce552cC790bd3F2f9D890921ed6125,44801.49425505512
0x9283f9d6e70522B9f7800bB0a916F9F6643079CB,35656.488410799684
0x958841599bFCeAbdCf4A59b6cC05D30a4e03d055,35153.87839405684
0xE512D2CdE15cE490130160a8B18aE10230A73E61,34690.230176244644
0x39fEc995C2b9776B2aa22a49f61D45aF3f1a2570,34182.38229588269
0xdb3be154AeB741867196A918fa2Bd5f704dc022A,30062.719768080286
0x227E26Ef1c1293dA3D240409961B1C4D7c3cf0Fc,29453.060984706444
0x5a1C3e75838E13B3Bfa33d5c63CB3C05Bd0DfA27,28104.496653165264
0x94e9D73a2aEEC807d85756B84759965b41866450,24921.717934371693
0xC8C38CcEe1ccbfEa48b3f976a648BE276F466ECE,24753.204092276937
0x71Edfe0256A2bC94bc3C612804c2e1024bAB5fC1,24749.139683345045
0x0Cf28F1131131d94976af29e9F6443e5e7CDe996,23591.187649070558
0x940Cc8038C21924128e2C9050eb9CD420e75763C,20864.86624803105
0x5CAdce51dB28AB261E50743fEB881a3F7AcA0A69,20788.65013716548
0x863E7aAded2B90a08802d362b7FBf228b65C5Bc9,17952.494154037387
0x70a93e4D958bf023Bf1e2cB7EFcfC935e5B2C29d,17625.157122826302
0x90Ee4f34956585F67E2Ed423e32936661116b2Ba,17323.93311501942
0xCD6e741bEEA10615BE5B5Aa8E1aAC53241f4c9b1,13954.341984757115
0x9dE416AB881b322eE0b4c189C2dE624090280cF2,13921.74977426059
0x96a7021972646Bb05F9b544B13036A4872796fB0,13638.634006180506
0x50E01433711F0CdE93D09856405f64a579Fa5244,12972.35566084271
0x1b226CC29A4129c937c697f5f63b5d8F23553f5d,12557.029372715648
0xF0EE3D3665d93a73e6f5b58A0948f32524CB607E,11420.330401870375
0x142668dC89E7E69ce985643aD3759fa8c518a884,10155.224090605714
0xF83312499621F2b83c181E18346cf14b34D8c67C,9887.52770154057
0x9882e610fD74aA31B8685c0571110271e9690590,9236.184450081017
0xeB2310631c551ba066317E92988EE50e5FC880Ad,9215.913547547303
0x5B8F1DaaD43D779577AC05061a6B1546a29B47d1,9090.011515258164
0x07c49D03345fDD8AB49f021d93EbB0E50639CFD4,8764.677673466222
0xD883fB2C3285C0700D45ddFbd6ebE836a75Cb07F,8508.615343781685
0xE18Db60ae8A0ee4f24A6540BB0F8C1353EB2Ddbd,7987.001664201016
0x2244deba8c0E788a60b30B805ff970e082BdBC5a,7974.847245927932
0xBc87925D4d8cb528eabe237938308750F23b6911,7903.325537110978
0xEf355176EF1a8d63FC781B138BD3C0FF8d2E9d35,7890.501483830292
0x819fdA6094d1851A9a755f45D73CCAa72B4CAdfE,7808.807220423395
0x14dE65035Af2634176876F51AB41baD38942E8f5,7619.745167992391
0x0097b9cFE64455EED479292671A1121F502bc954,7615.0162185852505
0x7F8E8C47AE4332d8D59bEFe3b2Ffe94AAb674005,7240.751910548246
0xD1eE5f849190c30093356a26CA28B695a2E07E0b,6656.276737235177
0xCc1Cb0FA339EB32E436dCe1Ba752bdA72fC6eDfe,6568.050989291108
0xD3FEe15681c13Df141e3E9F7F83213E73646026c,6281.115383215744
0xD21cA9018abBd4157612D21b3F5ff4943f6Db49f,5813.61779932238
0xf02692a0A1c848658F176286A8CbF75010a9090B,4790.939239633575
0xf9dbd46Ec67dAD36794FE788C29147e00fc25fE7,4721.612413301273
0x4c660EAd9d1Bc5f7cC52B4dF80f0010d15CF7d3f,4612.442098133259
0x26aF0251634FD26Ac0589711e99F3a200ceC8d0a,4595.1197444204545
0x7abf54De83F12b660e2ba5F808a357B5CFA3d0A4,4495.331842573436
0xd62DA0812029539D5b3855B21C8aEDE69CCbf94C,4261.2036073376885
0x2e832D95965572Fa969ae25F96252399b8E3f800,4256.367444346114
0x76575A4A4a91AB109D2F2a7437475f9425Af6eAF,4092.943762880095
0x5cF2eD6A095Fd9d5704B2036714d36D87781cd3d,4090.554879807342
0x48BAF3dA3BED7ED1bC547e260c058254B3AC4c3D,3651.0727485787443
0x107bD7ed9CBa47a996076EC1020bc086EE8852DC,3566.6903195039886
0xd08129373bcBEF1B445aec7D8C618ff78e3ADE67,3458.06620359268
0x6e5e7A7F54F7b05f4254a026d030CE2b4177A3a6,3357.8750461367
0x352eE93832929b66C3e1Ec00dbb1af68CbBce3D0,3284.9639796293704
0xE5F0131A2d68Ee93083a0c6aE6E33A91bFe7D9F9,3186.598313443822
0x1243D01e42eEF90C72d88e665647dd50b0f49f6D,2975.7528817043085
0xC18C200A0949Fdf013e8b166214D1497f2Fe3769,2920.2361620909946
0x86cd23Ac3901CCe90C45a623D18691739df4d097,2762.8364590156193
0x6742DC28e16Fe31189EB111B1Ab6Bb953561b6B0,2637.445802307707
0x7642A378FB02A6cCa0E47f2114384d84604Fa6a0,2584.242874368762
0x22777214fC28007F3ffa76C1d57E40A06E41ca3F,2524.438893211474
0x103f0CCf91669B8BeC81D0058B0F3D90647043AE,2456.926218272066
0x705eD99e5745f32F2c6715616665eBb1d094c338,2334.6214800684443
0xB5938f76a5850caDeb1F1705bA18A7ae76C897F2,2026.3621330791973
0x309caB02E85817660F3f66855B5cA51312264C7D,2016.0358253386391
0x30C53d45ca0cf73a7DC17CEa4Fa535937cf09980,1964.028405863817
0x9738D87b75AC5b78e0342A1211dC0D1ee363bB26,1962.793715167426
0x7e5ccBf79f81baF0430a9eD8208580c7157F143C,1946.8805765407806
0x55ce082e9bc6f9b4bA385Cc18517D1514E65E086,1934.9008233503973
0x4365974F931Bf98fc9e911cAD1EA9ec5F3B458d5,1725.9367283278364
0xD08b7dfbb89D76E07e94F763077B55fce4909c38,1701.9272873859013
0x917bFbD942017E54704aEc0764BcF06014cD1Fd6,1669.1125569919711
0x43D3F9416Ab200B39ccb94cBC77283F2D61eC235,1620.4792027288931
0x561a9FBA5aAcC9AD1C5AFd455b31bF3893866B20,1619.002869543071
0xcb415344Cd0fC552CE7B48EE9375991Ff5865895,1603.1249332569678
0x60b97528be1d072aC5b2405b6e292B43B3eb4AD0,1562.7561017832015
0x87CD7502423FE2Dc461cCAB455349314DC50605B,1539.0370092849805
0x165896732df25087eba4e736604559CEaFdfC82F,1526.7889552156391
0x88276accA9669af5ED02D6DcECB9a0A9c43C8206,1508.2636988633228
0x81639257C291656fbb0658f106a649E77978d4AF,1502.4827418372824
0x1e04bfb945DFA23eD8BDEA67947ca0D7B5Fff75d,1491.1794654962719
0x3d9EE32b4d8c5f4232B48A4d05e9325b23FE7A61,1464.684435340325
0x091114bE0b9eF70AF0a71333a5108a49A169A53c,1430.1653876956873
0xcc1C42C3A917a1f48B3D022104E7538abD0f081D,1426.2313492384044
0x38e16759E7B889100Fa14928C56fDD623d5c9a48,1349.6438740195292
0x470B96Bdd5c1A32Af126D855b9b7aB65410bE866,1302.9792765874038
0xE4ae63c74CBa2263842fB187bBAC793Fe60B2069,1275.273004595297
0x27aCED470E1E232BabF2Da93A78269bB5739C48C,1218.9180146757099
0x93eC07Ba1648B54787748D6E960A66ee442B8424,1200.689894374402
0x40a4d82826870B075F3eF3af94fFb3BD9D7B43e7,1153.9934197315984
0xf70BD5596F83110208db05b413Ff8ED907CF778F,1128.400833873617
0x4C8743c2Bf58028E2c5cD7A1D1d7f8A9D0bEebcA,1126.7269314364166
0x0cdBD3c78615D7F9F94dB33BD9A435b42e92a721,1124.4153912806535
0x92389b96E9F0916957f384682F126bF17c0E2f3B,1064.1926604994417
0x9f28152AE399a6f1B9760c04972DE4f9303C0C9f,1060.4897435480082
0xE58856CFe0D82b10adE1898a99bF7fc6b0Ef3f44,1049.5205766495787
0xf14e7f0C9F02cD587f28c0C4148E943714A3f137,1046.3740355471834
0x3d6d603E0d85DfCD5Dd5059f970d546bFe6Ee73c,1027.9167309055927
0x14a71154dBf968D0e01342e76B6c44e8dBd62CBc,980.7834124714625
0x07f7dED89D22c4BABa44346577ceBCBB9D1dB81D,929.7381976340247
0xf2439241881964006369c0e2377D45F3740f48a0,924.4546297625748
0x3090eeF25c05c6CF6fF2988646EE27Aa2f5C0178,922.6253719699586
0x9e40A6916f797216Fb4A354f1AFA25223eFA1D15,922.167417049641
0x5D2A4aeBae958156D2B14B097909Fa3D762ba8D6,920.749389476296
0xBBA79fDB474BE2ee8e92750E0636d68c65Fd02F1,913.073673618863
0x77DeE8DaA7fB80D19EC464abA89d4241F42DD743,910.7732641360208
0x1eCbC285F34390516FB69797949D9d4Ca3F86CFf,898.629343938631
0xEEdfCF06F3CF633a8d15f84E1EFB686e672727c9,896.6103898073379
0x3Ecc6F5Df05e82524C3D424Fe231211fd70Ad9F2,887.9602111178345
0x9a4949b976fdc6A24C9dBf76510ef21f3e89d959,867.5419723215363
0xcC26c76a6f7639fE8c58a058434FA93aEB01948D,850.3897005600155
0x5DEf19E1617367834911213377DFfB1d7Bb2FA75,841.8559925191723
0x32c9Dd9feCA3D3279125e0d431B2Fc199a859A18,836.5947573848817
0x61000f03298DA210cE10e082b87eb00F1Fc2486a,832.9726237567545
0xc02A7141Ede836cC24195a56e9a427ed8E9d5992,818.8009329366412
0xe0B03e87830219Ea34C543ca933EDdA883011b49,789.1983327512276
0x0fd2B7534B1601a60B1026b4be1865B39BF29b62,782.7188161977485
0xce841F783Dc6D9Df256aF36B1CF6B3A52aA57Cdc,720.9491790641092
0x7C7C9cE081BecB5F44eF9EEd3a90d99057d2EB53,696.1092721050926
0xFA577afe273f088d37c022375454f2D6898a40C7,692.8654370234392
0xAB4EaD4014c3e4429fe53A56FdC256D1eA583Ae9,683.683280908659
0x466cE20e4cD1a2A030bf3D2409917515F45d01bF,675.3037559891064
0x804Be57907807794D4982Bf60F8b86e9010A1639,668.2082000258929
0xc2f79E508cee14F99b6D30Ea3dfd71b5D5423621,666.3731406938813
0xc8F7e8566CB717c32E8727700c6d646a967deEAD,662.376426289866
0x9Ac49D2FF6D3CAfb8811D3de84cFE065b55CDfff,660.6200984628588
0xa34adD7490b454EDc46489d7Fc7125Be24cCac8f,607.1126764046211
0x7c744ae8a87fF460E7860EF344612383b1863182,586.4530792136509
0xb9139aC5eC8E2E76E788eB155C1CB9CED4c52717,567.6538825621487
0x802dbd98F9Fb2C51B7BB450c215BEC78cae0f67e,566.4500040247524
0xB627d47F80974cf3eD50e00C15965909b1E07E15,557.774821066046
0xAFa08BA8B25460Bca971730B51058aa1C257893E,539.1855608875317
0xd47f6d5FB8Dc684Dfa75A0551889026738c5AA1C,524.3420202809426
0xF818E59C2a9fA063eb9cfd2796173EF9011BCaaa,506.7173341553058
0x6f8e11CA11A39d1396A007A93851C3646aA9c6c2,503.8672030560096
0xA29084B6030607fbE95e1A6AB5863bFBf7DddBdf,495.82174898594513
0x518e2cB86809f8d50A53416774b266BdcA312CBe,492.9676531239531
0x09857E75ADF35280E07bD3b0fEA66639362c943A,487.91424592887034
0xcB450c8E269B8B96c944bc5b19C51100bdb4139b,485.3382602035868
0x8d7559385496E2678FB80Ed395f70b6F3fE4e40e,464.58503669802525
0x38BA9a57cb48254E6D8C9c70A3815eB808A3410f,458.53021067301495
0xBd1BAbea75A6f64E9530fe8B6E6C96336ee74629,445.0137561572024
0xe54CF30A3F31f3076e9Ab5bd122379545a137B4c,435.54356896182696
0x5CC66bb3dD96CaccbeB5b4bE54F81a49B36E9b78,435.2043525288737
0x99d4E455Ec41afDa6b47E759A4CF633fd0BbcD23,432.96854561693107
0x11A248a30ceE6e14a6a43cDF08986e1dcfb6394c,428.598568275704
0xE82c20f6911eF8A0Af094b2996A1C38F13D8A3A8,424.874440615381
0xbf1f9b357E5993E9f57b6f838c341924ca8B483C,424.3075230492862
0x543d1D1BD12dC73264e4D7847DAE92c005b8bC7C,412.079440929754
0xF53321A19A2F5E55425e17Bbb4f6cF245Da77546,410.16708266977446
0x6216a53dfb956e3F86056FC515f70E6c0c21217a,407.975475776331
0xE87399D3E8ea3070282455417c0b3E32Bd26606a,407.65491140296206
0xb694D91DA8d1C6F4D32745E4f163f806BC51FD6b,405.2323106611647
0xFE59F409d7A05f8e24aa90626186Cc820c8e3005,396.43104338228824
0xED7a86ebDd39bC4A9339D0Aa3bb91B497cAF7686,395.96615129488094
0xa7f0481CDff464EFcFa0b22cE3250f657dfA0222,382.27034019261396
0x8CDE3cAa8b8c77a3B032c9149717A7DB7fE41438,381.6233665150343
0x18beceb3674f20EE3f75C03eF06542c8C882d088,377.2632038255112
0xfd35624baf2F0b3755b7CfbeFEC7bF62f9761702,368.7331620829521
0x0C80a1162A061d1c63743FEF56204c3FcA45074f,367.531725772413
0x9284266887Ab43B6fB088AA0e4C6AeF043bAC823,342.66561809034545
0x6f3f44440680Cad37C8eF621F1800664febC44E8,342.2532575623748
0x09E67Ff60d15A6ee730F9aAC94C1139FcB954fb5,336.38935172051504
0xfd9bF6BDB3af9D393d0fC732658119d92406E6e4,335.3145507618594
0xA31a661FA0247e04499291C98c57ca23dC2d26DB,333.7936954941944
0x59578a6A2E9408d8493fCc0c073675fcaDE776E7,315.9005084257162
0xCfe0B47b8de66D1fa07984E3059a1E78285d17cd,311.02828361737363
0xd9c635de3164F0d2d3e0efC7B9Eca5b14EC9f2E3,303.0614653217474
0xD0F463D9c86841471e19352e52E6A7Edfcc35eCF,299.266290984455
0x6B2b042DDFfb9d3AEE182667b51F97Bf08Fd3693,292.8628041683928
0xFC6838bec8840d67f212d44DfaFaca8C80d8eba6,286.1840415200117
0x8038dD82763F4CC0BD9696B10d8f6b7EEc6e764c,275.52263940109475
0xfBC76261FD55cF91b81a97dbcc2B3F6118f2B935,274.7028995561758
0x0BffF40545a2250c3f11993e7B75dbbcB11e36ac,272.9693781093303
0x64ddfA770f4bcFE7358d1331d81E7f75faE9080C,272.7285098264435
0xBCd38F8c2364f3f75679E6E69118F8F4269c3012,271.8898422291698
0x6861698B928562e396b9B6db2c0AbB17C4c729cd,266.76441560040297
0x3C7188ce4A1A1A9F8a4df571Df4335dc138FA106,265.04554679650914
0x0788C6B29E4951C853f1BD0BB55B3a1471fC8ad7,263.90707704838263
0x4806EcD29540109cFD861424c455C02EcB896548,262.4840787094559
0xcbEDC0271c8034a500A8D12F60762F424eE55Bf8,261.5573270861975
0x9AD82CF8411E352cDD771FebE5f60Cb4293a1077,260.8901360858842
0xE105106F401d5caA68936d595F5D96f7f07D67aC,251.08660531563993
0x29429b21C174a7f28c3b0bD7adf7e80850B4698e,250.86666418370797
0xba8f08E7Eb69fC1C9D8434fDAc09AdcB4aDEca50,247.62168120182506
0x01ADD8aB60c614cF6b81fC6b35AE80AB454a40c1,240.15553823423093
0x435b482CF0030E3B688B47477d8C123A5a5BE3eb,225.3708810618223
0xCb6616c10b0ABFA50c1b24Ed8aFCDE6Cb95778DD,224.1744132937351
0xaEc2BA09C017e8f5da6cccAf4876bafF881F6d3a,223.34800297456513
0x67c0baf8DDd82D39C844C9E62C34c42b3Da5229b,207.30067702085657
0x56f39A055710fb915Ff84860eDD89Cb41aE5434d,205.4236487688933
0x10A8F244A293CC20c43C39D0d69542108D3f2ca8,202.6451982247858
0x4f2988270e1ffa69b4b3B3ED38B55AAc8F68d349,201.15699773880726
0xe924788719e494534788c7AA46fEE04109D4aC24,196.77511345294468
0x114337F276e834928d05E095d1F14537Dda5780e,193.25566901013028
0x1C31b78D7109A31BD09844c9Ce05cE25b1A99ec7,192.809008717993
0xFC59ab810B5Ff352336C929B90CFcb4751897fF6,188.63873316727896
0xA1281E9A416539FA2a89144778129672f255f120,187.56190806511566
0xB26b5d90c8961a779efc8d8Ad881B128dD8385eB,186.5218181563969
0x666AA51eEA89F83c005FA8054F79146f89792fba,185.25739782036018
0x1565e23aBE9C15C714B662B77C87ED9a61ee19D2,185.18514608632398
0xF98B3aEfac3Af24c5A98CBa3aE1c40dA6b713c01,184.38011214875291
0x66651be0B31afD2fBae570353AD14EC58B5fDA0A,170.78759224626907
0xA854772db43b52D7b456c2B5a40bd41627B316c2,170.48850232083063
0xCA91751062e36be4A8196f91b6Af874eF26B2aFb,169.89325000404045
0xE2cB34FfCF3c7f52D226b0889bC4eAAb16FaaE0F,168.92535694422946
0x7e980c420B2288675b0ea423D946CeCc51568caB,168.530366342684
0x6a97AE64F5BC62E84AA785049Cb7b0D4626f9705,167.70816971253694
0x6f435A9421653b27F048957B8ba2092D65a711F9,167.13173702244296
0x4644A9Afe25B01405B9099c32FBf123F919d4838,162.93846169456668
0x8874174A2366668d54fEa6343F71709389563c8a,161.53516295436953
0x5C95a4c6f66964DF324Cc95418f8cC9eD6D25D7c,156.2645689353461
0x2fCaD917655eD325d20009D47B8E99BFd33CCa44,155.9266135220634
0x4D41BAacfD4E2632F8f562193E94c0960e7DA549,155.9033616782234
0xed2ab4948bA6A909a7751DEc4F34f303eB8c7236,155.6872760580883
0xf65699826F87939525fDEe8B5596714a09c36BbC,155.18284809804103
0x2ae12077A2DCF8bd5275924B098BAB109f6732a8,154.80223935401222
0x7ee89D98B5731107A2A9CeBc3D9a4e729d070262,154.58185090552072
0x73319AaFcDD13c6Eb778eAE020b69f5BBa73dee4,154.46436311253512
0x2E7573445B46A305f6b80f86ba56E788b2dB7e68,149.72961448653476
0xb585b60De71E48032e8C19B90896984afc6a660d,148.93198141588476
0x57c24D4De21ea9EB61e86758d57D5aFaA8E0c685,148.799962549834
0xE3CF67F287816069dCf78F0464539cF2022De9E5,147.5382968836421
0x3c5fEA291a6e4BA6523E4D53804969990860B362,147.47362683716324
0x26CBC52dF1c3B0814C1a8807C5A21828a3aFD32c,146.9245526576992
0xc935aaa23734FcE35843829d2a39c3920172A0d6,146.79284101658416
0x4a93B2C1AB25a5852C3124adD7CFb9bAf7822740,146.17238627206044
0x86c36A26142a4C970769EcDAb9C859Cce0C1c1eB,144.70944189313622
0x33A0325240A31bcC0ba34b44CD5373E9Ad8aAbc8,139.29131720121273
0x4c6A766e27726f084c41e2bA98d6dF8E78f8e6e1,139.12691703382345
0x190b48dA92c0FD06118FE1650bB749c79Fa30D70,135.50906584089796
0x4b64dDF646208C8Ddb34e8653cE5B2e5A6101eab,134.31691364095485
0x9B76E81C08d2679FaC3852cC5aff643e4FcB21CF,133.1432431361446
0x59E11207D0598ebebe633ee9d5aBBaD22E4565e3,128.8776959370294
0x8c375C07f747040a25D7bcD65fee6EC9a2a615e0,126.66276796877199
0x63e5F8BA284d4641ce9D8f98956792F23e24D1c2,116.58622408245886
0xB89D16BEaC18E513743baa6a6E09F60460367aC8,113.66855942446534
0xE03D7Cb5E146e7F67c5da6BD81D7252B2D6Eea09,110.70734917634199
0x14333ba9791E7cd64b319964cf1Fd9901082887c,110.21805833716832
0xa556CE4353d9432B211311F87383F847a7BB1c1b,108.59720929326626
0x32F9E0cEBEc2a3Ef03F337ACD0e6560da8EC07c0,108.21974861293552
0x3e5882DF582b5F4d573aa8dF9e24092228A5D494,107.73967554840284
0x63015EbB3EE1A5Ac883ffFBE1cA42Ea9147D2f08,103.83409739741192
0xE2e98D7B8b56eac7f200a8120aD2bFfCCee36D59,102.46034960128587
0x89d88fFA2Ba72bA029C7040e3Cd26caa7E7678d1,102.41050673457322
0xd3DF087fe9F49ec07Ef13A8D4889C592716B5c3c,101.90640947902392
0xdD6fd318bc85a98BA5F97680c34a946FFD8122f5,101.0134690383823
0xd14BDF2b9b07b8c65e955Bfe75a3713A2c08348D,99.98155552029242
0xc05C206Bc88C87FB6C7Ee881A908A9Ba16863a09,97.7025828502151
0xB91b2db31610E1815b85D970dBa7e42B1c864074,96.44714604823136
0x6Bee24ddCf3bE2de4B3EE33654C1b9A4618197B6,95.2252694810554
0x1A9ab632AcBC2fbfded92CC53C9c28CB536C5413,94.78447045540553
0x1e1d82A2C4907CfBE95A6524376FaF77E676bbf5,92.12224110718144
0x80F419788E1d4C8DE800acE74c4CF8b88217F29d,91.34073211157805
0xAa937E79DDDe4932dC6a00e9C6b39214801af31B,86.60800603464362
0x77C0c1c3d55A9aFad3ad19f231259cf78A203a8D,84.68351334809988
0xe73e90fc400c0256Bc271C83e576ACb97603452b,82.29154655991415
0x414826bEb718F2b204Bca67b949604bdC739fCBA,82.28978288617614
0x321e64d977A8653a6a406fbCFd70a7E2d6Db6925,80.00398715585264
0x1F0A81036C859c5E798771EF80B1CFF9278b1ceF,78.76145887882632
0x5E2EABFAddF49615F84734724b77EEeeBc5EbD71,78.22982844539109
0xeB28A549344EDCAaaCB86251447d6Ca618A7E323,77.9715614634541
0x8A949a4Ef56e4A083C8b0006cF91d96089FbacaA,76.04784279373462
0xb35fd339111929c31339d077336831C00A11579f,74.53729244671553
0x472b49453732063E06515341faDb05ADE3D9E9fd,73.16723227468295
0xCF02DE5042454a6082e7789b162A0292619Fdb12,70.84257456253474
0xBA3EC78F653E6DD6f2283eb515f0b7c054D943a5,70.75193012920877
0x44Cd6C3550fA47dB39fbF8c7d3708833516500ba,70.20552314966696
0xB284F19FFa703dAADf6745d3C655F309D17370a5,70.03306152794744
0x6e3Bb5e59c667c9D78F70FA220dF2Adf6e953f3f,69.45539345486502
0xcD340ca80C6BdDE40deF5cBc29687215e68277F0,69.15683893130912
0xaA24F03Ce0054041dAd876a9593272Fa289D1002,67.8765641522744
0xb128a0E5022587aDB915042A4BDaB3F6aDe38e72,66.71818705648803
0x99d73D76f0058F4ae24882A49A0a9eA0f5a41268,66.52455859722136
0xcb2E8C6866B2b68A70197359E76AE594ED307d7E,65.40836979719305
0x86A0A7449A16FA97a67F24Bd979B525B13E62FF8,65.35626055056326
0x820d9eCb0C4a762EB3eb3eA977A62A7307cbf1c8,62.81081097320941
0x9C6de3E4A49dcA1B32b47Fb095284501E318d159,62.63141223688958
0x7f9cb69E7059210Dc1D999FCF2AAd102c06f4558,62.429112928118656
0xa940dE1B20FDB8E9d4E233E7e24ae986081D15B7,61.80347125006906
0x31304cCDd28E62eF552824db08a350D752068c39,61.176214586109445
0x6B52253F206565e50693FD332B024a2D5e3742Bc,60.755965871777974
0x11dA290e2Ed097cf7614c5CE17b437AfE765489b,59.36029656309302
0xC783A9D620142732248D06247FF75D8771Be5a1A,58.43654250142611
0x66AA6f904eF2442a6fDC6a70DA74C1162f102495,58.38284496257997
0x35eC7d9437758ff303446420C111FFdDAEd43202,56.87949562872149
0x9eab2223d84060E212354BfA620BF687b6E9Ae20,56.35763564745019
0x59Cd46e19395F381342085D636b338da0dD22077,55.629041394804595
0x1D7906a559D2BBD9209B2e46E42eF8e2572293b1,54.619486379324606
0xb94ba002073Fe808867457Bd26996d2e25733991,54.596482759785786
0x65D88c64B01b9481352Fa8a68b54ED1b3b687388,54.253554829245225
0x896463C65B70DA9bbE267c2feb97Ab59fc715506,53.02305415804754
0xd722755Aa3d8B2e9521209eE5014d0e446b82ff5,52.38883820364478
0x45C56e138881FD3Ff46359ba1826d5FC6FCcaEDc,52.260914264205844
0xC1871e12D132C37196e4d9C69BEAA5c660576065,51.70948525163447
0xFe82AF4569830228DCE4e75788452c213afeC39b,51.51099771890312
0xb44E5A931F9A42E6565D242971D33c98e44B32B2,51.49597350625069
0x33f9E0cEdCB2D94fdC89fd81CB57399E370Ca768,51.3039263525067
0x1Ce1a58Cd5705F386e07cC9d49B8812C5ee40b3f,50.814261649340324
0x5Eb13e72b2a60ACd414EF323E377b8E223c77F81,50.74057200953912
0xb5FcFBf2fb576d467C68dE66742152e18424cBca,50.73959622842726
0x69ce022A05a38Abc77A668Dc81b410966492d085,50.02666761023349
0xf533Da22Ea40BB3cBe79deCcF036CD72d81596D5,49.90195355589353
0xDb767Ce8464f6930e8F965b24C763e21AAa5Ff28,48.737289816839
0xFa5e56aec55645af71691a54c935388c38aFDebe,48.637442663953834
0x213fB03097324211047BD6d2F9a9fC5aE8d2a64F,48.30459884014361
0xabA6BDC4563dD30Ce2957564B66e2F8Bf4eaA07b,47.64496377616138
0x7bd531c21025023b60518cc370BC5395328bBA2c,47.34005220333311
0xA82801Ddf9f5B974085e0450BeBDD95365F5C3ab,46.90783732338613
0x6444420C915d7ab64bf32e814767c0f57536902a,46.095475480864515
0xb1E079854268985431935ce53AA54C8e1722fA0D,45.80175345590155
0x0693A16724d45167ebbc656C518AA99672F5F2Ca,45.62538014444297
0x9250f8149067fC068189f95e92f0eea9673f62d0,44.666962166250414
0x765c0E040B294d7e3607373998F2bBb7259673a7,44.14141590819811
0x1087eF30D31359A09355a8a851180A81d0E812C3,43.87428095723837
0xd84C95c9A9159e3Ed68bC5cfbe8542a63bC86d59,43.42888742878063
0x2BdAf977f02001cAdEeD3479F946Cf1d13B09A60,42.4141294168771
0x38DA5b6E3dBf916d2fD21F78A6487CBdb5352F5C,42.17056724364115
0x55594059b44f73c0038699B42132B639262F186B,40.978863652267464
0x4f44bfba4036d95D90D9a7dE6efc99003d979eEf,40.62492716020995
0xa331c3AD808eD56A29d3409c5552B8c046114dfC,39.84361628621081
0x8326B09470559E6358659f9cf0a47344e7fb9792,39.43639180683809
0x3D9f185369eC7A6fD1be7C1B9f828C9C35A862Bd,38.763079911871216
0x57684b15932D26db1457CA1f1BE4B9237298AF0a,38.56638590292849
0x84DAAceE0B94aEaBBF945d45D6733104b444f5d3,37.76237316989784
0xff7F628664D66E86da3cb7A514d0B42ff9281f61,37.01529705216602
0x93Ef3f6775Aa2085D1F8AA5AD953753b9B9FF75e,36.96540651983591
0xf0A6B38B6Fb9b676A9C4188100ecb07D297fe8f4,35.841821493514985
0xc5798691CdC9e426009e71b36c49C39B708fc39f,35.794863151999806
0x05c83a1e632F1Fe3E00B144AeDed275c2Ee47995,35.64372191804434
0xbe4a67a7dA7CB2640B1Aa8Ba6c5056095b3Cda98,35.6121490985565
0x3884e9b1E2b0f8D00666c9767B5602B709EeEE06,35.54863212749181
0xc148b95d8e11B7f3ED9b8902186f61B84B67d13c,35.32715598172108
0x9Dc7A99072437a3584984b2fF2133A96A4b4166b,34.98773977179063
0x477826A5c8A22E5a07a2C81E70b096a7acF8C9F4,34.80202194993356
0x4685593072Af7168865d0731E0804149114101BB,34.4701482872063
0x5705b71c9581208Fbab754562447185b6895f3ac,34.21567696124844
0xf68448Fbf0a4cD22bB9B2707aebEb3895F28faFC,33.83297430839087
0x6b2f328826Cb9b2F52bd3da2b4a68A7D98EcDf41,33.70439242597792
0x18a069E7f65CDce24fca0c274aE9dE354876b4DC,33.302365380666004
0xDE52a5E41959c0d5d7a4Cf175bE93f5CE78596c7,33.19427416665711
0x8F38f9a6685b9b69BD697E43c136d2bA4b3447dC,32.772319135937494
0x12Ca58E3544BCB6997260a3CE5E6429516D7f927,32.508049875521976
0x9B78a3386b23f7B9989e0fF0a74ecdb2ce01cD9C,30.77765227744994
0x51612902d691c639e75aDb3fF39BE108643Fa9a0,29.208409935575105
0x9731c556A8F285fA33Ff3dec4aDd14784b944036,29.145045642754503
0xC6a0C9Bb75E0A37c16fce3EB9498C800D31F218f,29.00096983267304
0x5bc05b93aE5c7cB44A8C78f13eFdb9e9EA209356,28.863533842913476
0x6A4E4e982BaA4e80054963a21105395F53312257,28.800082869083006
0xC7DaECb3B428FB1C450D311e2A558bD00E182C71,28.547678982150558
0x90Ad0fc5AE6528E67514c855677aEB8Efa714E76,28.28714760888876
0x8bD9C4B5eA8F6f14c9B14d830ddb67f3720d77F6,27.539003230874826
0x77D13b0de85FDAfc12597E075E30b06Cb6C70564,27.515595652693438
0xE7163C8D6E6669dBB4FecaBC831705E0bD1156Fe,27.224917837290366
0x5381Af5547394FdF7b5829F6a292e42360881fFE,26.814721963205713
0x0626dc652585D11Eee086327159bCc3a4A8a4933,26.43459919721554
0x813b836724f126c7ABc592c9Da4ACB54989174CB,26.36143861335462
0xC829e4818D5eB0bf8B5B2C2B8A18F4925dcB362c,25.908930857121444
0x720E18bC7865Bd329128dB6E5954FB7A1898d8B9,25.860991566212135
0x72A80114df86c9e16eb6e4f64f27a4c5C06E8759,25.45125754620625
0x83C74780e4Ad37444A0743947482f6666872f10b,25.32123095336191
0x3e720f62DB92cfc9f486c9D739E7753fEAc83Faa,25.284550790096937
0xE969492daD509FbF160C30C12C744179fb26e79C,25.160343859077017
0x7fBb148d1C3FE42Dfc8598635e62450d0af7Dadf,24.986552730346908
0x8aF23496c4F79bE78616DaF6b6d69bCF99577Bff,24.847519732830683
0xACF967E499F8cACd2eAc27A3cF3b956BCB748DA9,24.683501559877545
0xb987ac1571EAd0a6B099f10454180eCc85F67a10,24.587288448359526
0x51bf701cB7b19C71Cef4179E90572AC5f9d90F43,24.323575590765255
0x42Dd10D6315EcDfCBfcc8EcEaCCa0BdC9539acf2,23.55933949196688
0x0766B0101d274f230B8DB771dbB20196e2F50cB9,23.50933311507346
0x50042aC52aE6143caCC0f900f5959c4B69eF1963,23.29027948909698
0x353C6C94F1596074379c35Cb8d2165d0D61FfF5f,23.269200597867385
0xD3e30D4914C650cFa94f6B32F8c240C763F2d389,23.186188613505905
0xA0553E045FDa77DBbe741fFD5B58AE7cEFdab380,23.13318303373794
0xaDfA1f34834037C203BF8BE4E948E56460D0945e,22.871648279165534
0x16a7c3C15df7aD6A8F1B4C33420cA57C156c67Cc,22.83231399511274
0x6AC5Fd12933B1211a015A1757B442E71DA513876,22.443804820160228
0x223634A887Ec88b273965404D6cE806370baA284,22.369891162660593
0xF812a472C8c04843c61de5917421d080AfFe32dd,22.124433422395043
0x5BD7C6331aD997F1F242aE29cD31e404C28Fad71,21.82504751982366
0x611c67EC71202613DA55D00dDC04cCdB02060Fcc,21.78779749702137
0xd14969938DbD45bE356bffEf350f6811d02332e1,21.769363560987077
0xdbcf349Ac57D54b846bc2182Dd3A6FC88776588E,21.24361467153724
0x168109aeA51511c3787e56608804196FAa28CE24,21.233841891103587
0x5A8C4ce11bF1e02752fE855c8c6099Bd7e827c09,21.15786796058897
0xE9b772fFad24C59EB19869209957DA5D33f78697,20.752869005457427
0xaF81d9c86269982368d014937a926c91F285DA8f,20.627985437015138
0x94Ae3434F2386FD06DCcC2CEf5e49Cca0D029914,20.53543891720472
0xB159C30b49aDEda0DdeFAa8F7472605b9D8A7ED6,20.523536556555452
0x956E6a7B73910C58B1141E8376978AeEFa0271b2,20.332227342482177
0xd7D2c53Bc863B96df58560A777f3680C3bd4c9BD,20.325704659736132
0x0997Dc560a0648d94723489e37520b913967252D,20.303208652923388
0xDE68b3CFAf254a5F776acbc47e205904d794EC60,20.226544870213377
0x1F6bcD10b6562Ec8EA12923c2495ee170b27AD13,19.88833227884504
0x33A6514bA9a79FbF74FF1a9D08aB7eb44742c8F0,19.778792785515787
0xe3018E21C82E769B3A53F6157ff2Ac62691259c8,19.297451587146814
0xE5E842c95933ef2D5537B4A18FFea68ed19eCA01,19.118420662901435
0xCeBC3fdcD0EdA03299E548D1bAbDFf16bD726f09,18.898322595725375
0x9d2fD53d8a48339BA9a151D5D92359FA69543343,18.667076366513225
0xF0EDfDd42c79d4160Dd454E279dD8d27CE5801aE,18.662692460303177
0x51107b3b430440eA796e36A0d3C99FBd51bBAD41,18.563953619209133
0x8f63dF3b99D674ED73883f70Aae8d6E0d26f67b1,18.383079551917483
0xB836FBc4d4907C0EE282878Fa5705aEacCD2249E,18.35348128318615
0x1C60c8B5e6BDD9D9814dd7c30586B388b8bCa78F,18.241558290830287
0xA4cB94dF666f87Ef4b1828a470Ce3246a2d5426d,18.171289351577247
0x23d01763C1D3f5f0e8F2302CB143a4D069C816b6,18.06496420010961
0xeDE0f52F084806601871f49E92C6E7aFA92216B8,17.987032773254708
0x762EaabB21aEE458aDc07459a436d4c98f2cA523,17.815947516739257
0x2Bb074B682C0bCBf040f93192e4aae209Df0bA68,17.570379402597844
0xA232BD1bf8C41E168B2369d179b86daa141c5DD8,17.39563893380387
0x1dbF5BDCEB3Bd893B01cD79c3BB137E9018DA45b,17.391402679919928
0x6D4b80ACCA7AbCd6d7241cB4CbE57aeC0CEdA931,17.282681500677974
0xD8042a9bB8FF398408D494f44a466574d0856B0f,17.206893762250154
0xE5f3786c552BC7A0Fe1E2aAB53EAcD1F59B47B6F,17.041389553649765
0x8148ff3dAa847E00E5Fb5B1064382d7990950b1A,16.18966319425223
0x5FB124e9adaB89bb0Bd4c0dF6f59F0f5B0AeE7E5,16.109952361264817
0x8c623C4DE9E51dbE98a3c5fA298e03667A3C3149,16.10575741880413
0x9eac64803f3ab2214F67b65ddF7f253De5ec9b80,16.049870597559277
0x7293f964E41d21869E53445Aeb132C653F7200D4,15.77139803451852
0x4Ffc5F22770ab6046c8D66DABAe3A9CD1E7A03e7,15.017596885978051
0xa6A0e32744459dc0E54E2abF87390e3Bf8bDE674,14.995670126167603
0x0Be93c61df823779e7Cc50D1430F6e0c44b14fe3,14.938213315750462
0x51ACEB6E60635C770B97025596080F588b9bb7bA,14.39594286542195
0xE591fF133dF58689138Fb0c4FC0F6289D3c0668A,14.320354523480459
0x7ac655CF83FAC81d32A9D5F7FE04130823aF7Fd1,14.191462368001142
0x2f5c4Cb5b0Ed706342D3F3a54DbC58C8AE945f02,13.863428092817479
0x6f7084dCc4FC0a34724982C2f5Cd7ABcaAC56468,13.86084550566015
0x1ab9CC2ee65f1d4d3CeF63E6434869aD9ED3C4a1,13.784374213971187
0x7D869664f600592A6092A249C5F7387C46870ECF,13.72308807460034
0xa340df41aA401984859F5c9f5B8b6330E6935d8F,13.36162404914465
0xDf9CFdfB1EcB30A88E14743d90C70126Fb4c00b3,13.299173841071447
0x427070e33d630B0476BedBA5d53Db224913eB946,13.272138635902245
0x4FE0a97CcA23A32fFD84d6d3b37375c806978359,13.184835329140306
0x056d5dC065FE3FeF46D3e9A450dEe068d5533EB1,13.073123678875739
0x1b10bd073CCAa7E88b4805E1484734Fb1166C528,13.062369035723245
0xdd565623cCE485199Df3917Dee890989183423A7,12.834412210656595
0x1252bf1BEeA27b001d2e324069e92d83722Cd40F,12.671828467454436
0xe638F68C27a8BCe06D938BDe3A8Ddbc4A2D18b1B,12.617195995313315
0x9250C4c5586F10a4Ef54B5D5961Fe04424C16445,12.5104708473255
0xDAF380BB6D7c26E40b153f560411B533706A7727,12.45896957934822
0x88485489DA15e0007B3F44EEF761ac37910408e7,12.39842369302043
0xb06A2b9E6ECB9636b72Ac5242521937BD7baF60F,12.307556417868932
0x702094a1AC85a4AE93940F92D672754910310238,12.215171291092707
0xDF969692c4121f317499f714C2DBD5e964301688,12.21021599890492
0x5Dfc1F36BeE4938b3Dc8EBdb4c34f64C935FC2F9,12.142248107213895
0x4bccC930Ce07D1d6FdD55f19CAEf13477b23ADA0,12.08015573012825
0x75aaB913A30298fa9744C10b1366Cf2B766474Dc,11.98727257356649
0x029901739aA11D23f8EAbe70771b757A0533222e,11.82757988028286
0x766a8093009fDB2facEe3A1D952b1aD79Fc3A0a1,11.733199847464803
0x9034Fa7E735EfbCF5a3Bc81271BA72a3141Bb43b,11.656582363621142
0xF9F9ebd19C91e2aC809B2c27d4E64A6F7a8C975e,11.643022628815563
0x6b746E4ec6BE560f835D8261853121119fc8A9cC,11.597357339564697
0x16Edd9015A5203139435b721654fFa75252A7C7B,11.48778456604323
0x967B4eF2ED19877Ba7c0630649F6cA41B934064c,11.437957774351732
0xacfAc78Bb9e1bb9d0dbcB849d8081A9b7dC2C8D2,11.212511544991493
0x94213B594B32a8B50A32e54c75eFedBa484Dc596,10.913398212684843
0x94d81a81aD9f32A310c676B6C6aF5b7814c0CB36,10.911207819612896
0x48093A18782D877994062F646144261e274FEb74,10.851014372169692
0xD99c5a40aC5f3Ac28a8620e9b7fd3b8a074dDb33,10.818205527512193
0x85001c23C185f473Cf0FFA5C5c9532626B36c1Eb,10.784353666752049
0x9aD1089943b6Fe90D930426F1d8DB095321AA666,10.629271389193386
0xAf6376E68437ee82D1e0e47aE9C217F35681074c,10.382237077097399
0x47E0e7867552a1b2280A0937FAae090d25F39917,10.311945710662675
0x384bd7b5CAA87E2C75Db2d6c7A22C8Ea914926Fe,10.200246250754736
0xe9B0e8bDFa93f4D34044b4FcB368CB36Cc3edBBc,10.170066370450028
0x7558B9A644CcD3C815F7b717213Dff0B0a9b0f98,10.094364451253222
0x65DCF7782260Aa1d6642a85f36c0Bc9545182F1e,9.896342888799506
0x728309828C6b0232EeB28664B7e574864ab5790e,9.5690516850593
0xF1BD75e68b616Be725dB10c5DFAA3242957573B5,9.559229258383404
0x13A3a04C7575dc43E3962766E639746734ff7d88,9.552244075938054
0x4cc246B05e21A26749504ecA5F8DA685a2a2e9Ac,9.469555350714609
0x85F455a02F07d0FdEa27f8bD28E0Ce0c86a54294,9.296900535308362
0xac32967007909F5B312557E4909CB73a3dEa3d8d,9.287564195148414
0x9aF6609774B12e0A7aBf9B7adba03770342447AB,9.264273895245859
0x094eeeB549B6328702958c2edc75a2644775eA82,8.813811819183414
0x9B059f4D2199e73Aa86f8938167A1A6067474CF4,8.729475592364615
0x9b1acD4336EBF7656f49224d14A892566fd48e68,8.607125862667466
0x37A8b353D6a75921fCC608C6157647aB92E6877e,8.581928693259325
0x26a6434385Cd63a88450EA06e2B2256979400B29,8.55703656064359
0x15a1Cdf803b75Ee45de02728084413fcC6A01179,8.534100049227565
0xA0BDF16f3C91633838ad715a4bC7e8B406093340,8.483357258936676
0x89271929bbB9018976380ABA7fF74ce54361da6b,8.47818613604227
0x88Ba731F7Aa1c3145E8D6d7465aF570a90DBf555,8.433503556231358
0xccde05Da8664825e5B7b3D61Ad5aFCeF570223CC,8.238539565219424
0x35D52314feBDB29E157E21C2a7c0Fda385ab988A,8.016258987571527
0x985DE337b99DD0a6Fb1c4169D37A9e40cc5a2316,8.000936470605224
0x1B338506889555B13926e74Dc222D1Bb762eF2f7,7.999509243824758
0xbFd3F0350120Ed7e7c45b722E69D6f5e1a063c6C,7.911979611668312
0xf14BaFC1F932EeD833d9b11FBd6E40DA8f104308,7.860961033844496
0xD5fF53f48F14e9409B581e41a4cDDFe0E97Dc724,7.754101556175522
0xd0CD8ea7563CDc2bb8Ad6a6be2E5B5d56b80595A,7.631383049397035
0xe9d4f4f93C7C0EBF3BdfED9EFf721476Ce951E61,7.630955227054376
0x4B4f2C82DDED91191D19E8Fa07315F5F2B62ABB8,7.452195949293754
0xde778C034E96cCFCD0fCf5a5Bebf1f71daE07AaC,7.40970670645823
0x846E49EcE01AC637f57C2fDF3EffE476B7001190,7.263219398373084
0x73d30ba3dc4fFD17C28cc2D75D12e50dF98f29CF,7.170363415068191
0xd5D72d58ad7338026660c5AB9cEc608a2C7D1332,7.118555619868504
0x9455136A22d5f635f40703fFA42CBED1112129Fe,7.045993242238851
0x1786D033D5CbCC235B673e872c7613c2F83DA583,6.956995863679969
0x6Ac8ca42539D32AfE43B5979531276a8317eB88a,6.713186600918893
0x1651284b604Ca36b56aAf8BC4859AFFcA527C2D5,6.69444293815315
0x8526E4F21d060Ef0EF2e69D2a00392e82eeFa63D,6.584302766657689
0x27AeD96fF4bdE010949A65F9d28EF1AE65c952cD,6.467269664461496
0xbEEf0811Be1888ff4Db0009f328fe53B3209B1Cf,6.467269664461496
0x99940A2cbf3495C22b6B7EA64e4f977695b7010d,6.415223913873464
0x55C505e55564525Df60755AB055955b7eeAC5455,6.387162460566054
0xa35Ff068D98b6F78B64bD3C1169b026b0f3fe0a7,6.375965813363377
0x3C4dE47214da95c8d028692A82E187514ec7b409,6.190100964556003
0x2D42284687e6b0D1f57C4937bE3090Ce2C510AFe,6.072972973436366
0x44Aea74375D4CE24a8d92C0c3A07285aa02F73B0,6.002332353386879
0x53FC8954cad03B73217d8124eD25f80d6d43553b,5.902877497680162
0xb8D6FAF9f6B67a8C609d11e5099e0732E12Cdc15,5.849130000036518
0x82bbCaC5a8B81368A4A96f0265cb40E46020a1e1,5.824634371631119
0x42C4f161062c22408F2C6fD38211de3059Bcbe8A,5.615591451460569
0x2C914070153c1f25C28fBDD3Cc5316Fc4003fD8A,5.606616996719492
0x9F4EbCb22447C64A21C687C1DB6849eC55B8F016,5.592422852864241
0x4f0fc4D5aCA525443Bece11c78fC6B2735a7B3F6,5.543373998109853
0x2DE3F38b95cda680960531aFFf4DEbbfc1f4239b,5.5037404678680595
0x578DbefBca305940f993A85D8Ef9E3C4B001E603,5.493681740253509
0x6c90a82B53356CDBa4a1D0aB49D9BA11dE2a722F,5.4088557120434935
0x9eb4934312b06Fad2917F59e528AebBe3328fC8F,5.366725180366915
0x4e8e4A53C9Ab523308896923B27aFcBEc4389218,5.257621760403911
0xD6cEEf56d1E877b26261305DEc1094264d830f72,5.166478054368214
0x36a51C5739426ea4fc35f774f9838d43186A700E,5.130702035147401
0x4d278b35b4fA66e7dC694197826ABf76240533af,5.099904078261066
0x3E1F13608111DE38EC4bd97588d8636718f49516,4.915124944990738
0x7c0D2f1EB3dC2Cc21d6118789D26f2Db09311b1d,4.881348897097594
0x57Bd5d302A9765b681e9268Fe8d8D70Ba8B4DEbF,4.792896929219663
0x0F57Af1A2300Fc358a25ed4847ab520fD7569Bb9,4.778726259624254
0x97d68C7813A786d42DED19A5EfD5a5e6E8Ed6A90,4.5960177182987385
0x2c893b54E24188764ab71Bbb72BaCA8990Dea2e4,4.528210688239878
0x038b97d549bF4d3Cfa4E116A7f6eD257249001c5,4.468369036005294
0x2Cb896E583A792BaAf0a227c06a187591eF7d698,4.421949554328753
0xC3F0f9DA9edF502b748A5ee7f25524547854ebc3,4.3752780818703565
0xE3629439933D82d4F13C574dE774FA60731b020E,4.278315254111572
0x7151E5282bc1C952700fF070A933f17c644A66f6,4.200550784496318
0x0a53ab509200a29A186C393A16aE1A79c6790D7F,4.119810412551228
0x4034adD1a1A750AA19142218A177D509b7A5448F,4.0827657255864755
0x498EB0867b92bCBcF8a923193b35425C2c29258C,4.078757593480231
0xA72B0C29DdbD1A51344B8B5B87E64bBa561Edc2c,3.9946808059902565
0xD886a29660632eEb7371a3184A56dA66cd58EFb5,3.9853885364991135
0x4000fB144944A3BD53d40406016a69d30c9F19cB,3.9806059402899714
0x1372A6EdB6AA4452F925598011C4A63F35aD3A1B,3.894660131495079
0xef1de2Fa338fB55e834bD6cb8bAD382D410cB882,3.8623184710001266
0x17b70f6B0Dd3Bf1322F972e84531767b8574e47e,3.800850231166562
0x99BF3b218bEE3aA3c8b90d727EB9057c4B224251,3.729887237020543
0x4821C12264177202f6a5BF03605cEC7Fc7b934Ee,3.6885591520079513
0xCc7e8c154C919a326cd0ff7a256AEC1F7612B86A,3.637249630286571
0x739ac7E610cfD62CeE7d4498025f80c9EC74CD45,3.624619651320755
0x96e597C1c6bACb7128945bAb9D32FB5eA9526B87,3.621437134089734
0xfE44C3C56AA4a0b819F6CBc6d34229DfB0ae5423,3.6013617023818023
0x74E06AfDDa6002abE61031c7812d9E05347ec76d,3.59416773177909
0xc4C6C27B2259794a1Dd35D438E703281C0e4A004,3.4045034534206486
0xbA37fFd142BB59C69D17E9AD2C0C9Fd4af2baFAC,3.3925822297077497
0x0c260590C474D8D7A9b1D911454E30BFeAFb4eA7,3.3908513594256022
0xC01a7742c40Ec01fd2836838EaDde46F9D0B0099,3.2308699002959806
0x6E1439897528baf2D3DA007585836a64298fF854,3.0584370197516857
0x2500DB47dd7433a440B10D631841eA08901bF3B4,2.9614764616950886
0x13BE2583396a134E593dF96931df78CC6A933e2e,2.929187540244617
0xF25041497082F71223e89D40EFB75c66aF87e408,2.9020776921327633
0xf56FEfd9c3977FD57620B3f4b72fCa55340F042a,2.856905505784258
0xB893AE8A1824604F6df4Dfde52E2754921ba1A73,2.849682436932546
0x2DE38886419D6Bbb51CfFf1D9B162477B64F531F,2.833124536815675
0xa1f50f59341525872fBC72ee3C019452d2595146,2.8158468263834333
0x95adAec801B3e8cb7aa90c6922E23dC987cA2bBf,2.81090243692505
0xbC4BbD7A2ce9001CA18324602ac66733731656eD,2.77746092700718
0x138f79E981849d1DE3DCa5901a38792607fbF8fF,2.725433199470247
0x3616045E6D2B5F0F9412a3E69501c5b0369dC550,2.707532803536719
0x426Dab4091b3848d0F06c56ccC4Ea2DcC91DDB24,2.7034458630670124
0xaCbC9bF12851FC342eDc84647580a18B469F90D3,2.659479321948273
0xfe78AcE876c0e0B08950B112d403d1481257BED7,2.630626675555309
0x593e470515323677DaE35f2713AeF5AFFFE2295d,2.6061073843880465
0x74Fb3bEC1545E02Fa63Fd40561f7bC36e2c06134,2.5867072172595456
0x9076522f767597B93FA83F39ce163777Bf20C3b1,2.3473369061296223
0xf48dDFD23AA72602fF623DEc0F2F0a027246cc4D,2.34633170182909
0x4788E94d20f06d3312F753b076c72833b8Ec173F,2.3239441267772216
0xeCf14386BF1F271AEcb5407e777D41e8a16933b7,2.2791414767999423
0x8457f402Ff255254D102993FDAC03a6EbCf681D5,2.262684177352509
0x86CedfC92f374FD8A6b228fca47692fE0af04B9a,2.2443382282232758
0x8BF20C2373BCbD6235DEE3C0704737c3dCB505dB,2.193603371802957
0x839076925e0fCb9280cD604741D13844de4eE1E2,2.175128844965529
0x8A8Be308033b0E62fa53fCEd84FC3a0e92f806A6,2.1606031495613243
0xd4bCB652F6Cd34643c4611163274324BF6Bb9BA1,2.1157592982032254
0x8D32F568CD34045584084F8628806452d149f87b,2.100336106750678
0xE2FfB3D4057224f82A16Aec2EbaE72f6D76c9230,2.0644319284706967
0xe335D19c2b756F3686163bFA2806dfC002697FbB,2.0488518621861793
0x1B57d440351f566Ab96d90d606Dd2b4f96dbE864,2.0228226090971186
0xFcB342a846ACFaE23bf9533CC6afD3059d32F1CC,1.9618605602844779
0x323461bB7171C3E1759AD35247EAa3b3AEFabD75,1.9200678363690287
0x534697Bc6B4D3efd389E4fDD481bA7936929FF72,1.8948916800239273
0x711BbC563C23eB654E1739e5DD5C2B5Cf02842c2,1.8740798592754553
0x90834184d09a10D3Fd1EE12Cd5ac49a3b3450C79,1.841318962982183
0xe8300fBFE3F0E6182cb797A1f9B4e6BB65961aA8,1.822612258152542
0xe79B2f2e1597C4eB0fd488a4812881634DCFF5c4,1.7678530901213079
0x22f3B09FeaB6ad19f1CF3514986F5D191146B2C6,1.7444055839865036
0x24242B1CeF234cA9814692271C07BF9591688CD4,1.7130270159906409
0xbCEF951c175AE6A1fa73ea449EAfED42Aa9e52D6,1.6970336253162508
0xC71D4aA31D34092513092B42291A9F04f80176DA,1.6861160907511905
0xC17849583E341aC5892C20c8D346952C19691da1,1.667398626944304
0x787E6768C235C718f2E5dF496FAfE94b3e9d7EC6,1.6300522313691828
0x09564716E12eB2ca51f64d07d76AA88b7CDC0283,1.5847558512339828
0x9a0Abcd57493935A1fD880B157A0f9784471BA89,1.5495227297411485
0x18253BC6D0Fea84f2245b25CEF5f6A49a8F394eB,1.5308161464577759
0x8711FfA4F24d9d8d3AD857BaF3dBb327471eda2E,1.5082114796347181
0xEf6a8862DEd47a869c3727Da71211361C9082e07,1.494522494234693
0x9e090724c6775829822efa1f9D06Cda555a52612,1.4884799381490033
0x5e59Ac40c4D661E55a97C317A5002bf6D9E7109c,1.433701979800933
0x33D730566fB2aeB4d93db15fccA7fD980CC53Bad,1.4213335178102986
0x83f6CDa11E74c75a5f0FEf8be0E1693ecC314f35,1.4058857800750966
0x567F8ceB58DBAd2922986ce6F01D36bA630E0425,1.4043237485762177
0x9b8753AC5a975708a654d16F7a1C1fC9a7B98828,1.4031976045459897
0x88011e1E335e4DDE0eB0Dc37d23c57BDd00c543e,1.3858434995274633
0x07c8787FDF329c4A7ff0B0027B72659D72dD746b,1.348005327985064
0xE852C2189316eC5eEE9F36272962ade430f38531,1.3300149964294312
0x574288c34298aa1b82BB925420Dc86d15bDb6ca9,1.2856011999355166
0x735e83BE083Da7A2B2A8763DAE58CeBBb87ae469,1.259950168766533
0xFe5573C66273313034F7fF6050c54b5402553716,1.2533753369401375
0x07427c476501e03B1802541625cEFD1dF24484d2,1.2471931406091132
0xaA9f423A8E373b26DAB55546518F840837Ca2537,1.2435635669093108
0x428ED7c65Aa0deff25D8455899f585308dd43651,1.2432245685317713
0x3e0e9eb57b11BeF471A3EcA7156385777B3Bdf9f,1.2190345085366567
0xAd4cC9FbC767249c37451aFe588D69Ff41f71752,1.2119000671975946
0x73bd1b3904697160cfC3CA3638e4890433B21981,1.2073474881448314
0xA9e08B7c1F00AFf959B26E70341eCEB0C861338c,1.2042163069792118
0xD4eb2DAD3B8C58d60E03D45074Fad05b28210b1e,1.1713578946840013
0x18468223eaAC29caE2c3eDEf1Be4CF7A1fEa632C,1.1666862334993775
0x74aCC173f943abe0c54Cc6AcDBb1307715a796aB,1.160414952719485
0xc5E15ee06634D118da8e4C3e2abB2d5CE5923F9e,1.1228958431001763
0x0aF290e54582992b27F7c54Acb286DB9F4f24Fb9,1.104909259452302
0xF4EbF1061d7Fb49D66F1c07c23D27a07234A8Eeb,1.0976182591854777
0xc4C16836e58Eb950B28590A84d9437293F1f7a33,1.0886453903037625
0x9798C444A13C09fe26aeE9A6Ae90449710403B9b,1.05892493696059
0x47DcCC7F5Bec3B7A5169f0F3ff5F86C3938191Ce,1.0532422235605619
0x66B0dAa97eF0B4aB85d2edA0Fa518A4C2F992a6B,1.0524495653273618
0x5Ec5C2468674a5D10DB93Db588fbff5D8Da2fdC1,1.0322336319976784
0xfbf76A225385143BFa2b3C0c9Ee6a258caD1f419,1.0277790283537027
0x15eb971239c34d63661F454Ca354283e219c756E,1.0218270903701936
0xd743d6bf977184ea4FC93cBb6203A98860B44b6E,1.0198289366241469
0xb4D0e9FD4F25FbB26263789950E9571693708404,1.0176110450628035
0xF9f02deF55E1ccEEDF017E0353c14Ba6F7F4d3Df,1.0162858582484338
0xe77cE8abb83988d7eA797E54C273647808179185,1.01260958503577
0xF803672517C8Ff9Aad042B519fea6fF29f6B2625,1.0047820354301449
0x9177530f4e09186DB84523cC7e074A41Fe958344,0.9524477977606769
0x66249043e695b063e0De19138544b702033e9Ef3,0.9238956663516423
0xAc3740E05cddfe3e501963d99F98da71eC3bbBF5,0.9139060236391389
0xE1eDE8c57640cE0c8D32d39EEC6fAe3a60DC69C2,0.904403294283155
0x401ABf41E5723846a3e8BC5f3179725Fe2bb8B60,0.8994855166090013
0x35da9176fC951CEd322632864EeebcBC88abdB62,0.8963653663853779
0x74C5c82D9952BD6373B1d264Ba02cCC02Fa0Ba25,0.8929054525266861
0x7CB78a51e22e80aF1D9F8f8dF4E9d404b2c6bD61,0.8706425044907751
0xC99081A7bf0d9b5B07f2A525aae640BfACaf1F87,0.8570521454283331
0xF8DB01F59d0cAa15067156fF7Ed786EAF207753e,0.8528411070073232
0xF2B20085F9D9C62534b73d771bfc515c93F18881,0.8408373251454316
0xe62B7946d644B7E47Db53D67184e2FFEaE1CC3ba,0.8404785933586382
0x12Ccac9328411f5eB4C8BA77f6F53aeF23A50c2d,0.8298998353521091
0xd9485De53058DE7239DD0d1fc381e2c1e1a4d085,0.8252481150346904
0x2458811e598b48E67625CED5EfF6182Bcc4eC5CB,0.8223709078726846
0xDf081666B112C0FAc2dEf42B55A474baa07C7d35,0.81547712717173
0xf7700f19c3EEd833731C7c14A3b73362a8FD3399,0.8121089965764576
0x12Dcd471Ec7005a761E9e90760FB598580c51bd3,0.8040510611168532
0xCE3e42407a54121f4796d75bc92542206d1B724E,0.790002894728354
0x9C1b44607b0a1078561ca3b7d66373f04eab8159,0.7892401216095427
0xfB367106A440cd8291EB347Df1005a5ebdCD5048,0.7564532953868313
0x4B22B7079bf3f97e37eb5F4894d9f3E1699DBb3f,0.7384974854089575
0xAfC786F195F4a1C47Eb364f94066e49EcA738998,0.714537853069535
0xED075cAF72D905bC24C18007BFEA0f1dFA3353ad,0.7095185432108592
0xD3D5b972072c2028C4a6276146aB4a96AE15Fc81,0.6705595257531176
0x10b08F539Fa27d1C79d031AA68B70e4177B3dC8d,0.6440771151658555
0xeDf3002Ac361724fa666fD4C190a5740543e4e5D,0.6428020746733333
0x7C761d8b07d1935F78D63aDfcaaE2e2981c6918d,0.6415284196302694
0x6B54846c115325e0Ddea336FAc5690bb2B6bbc41,0.635428269453009
0x25005b3f6402Ab7F5e4F8cB293A50A9020aadc99,0.6301799402983171
0x8c170F8ce37e27555B0225B8A830347E5d56DDA2,0.6104039704172891
0x29Fd822a3498B55C92Cb62c7e8341118A3250007,0.5956341240670519
0x442a91e34b4f1C28DC08FdC8a3d6dEdf95a8B780,0.5782181962699324
0x0A3309B9CdfBa496607f1c65d72CabB3092272Be,0.5543507585436457
0x439040EF89feA607475076DddeF4270C3662D315,0.5510307195006514
0xF439E838EEFfA4e37f0e52cA55572aeB38867207,0.5453349115438809
0x63C4d8cfA959F1b9A47e4dC5054A8dBfBe01262c,0.5421418048923068
0x4b3c7e18f362cDb62cb29643344e9d3c47Dc91F3,0.534724909949641
0xb1f04E3B71a94FD213cD67E755dDfeEd7a32Fc36,0.5328872392406733
0xC94e02F11943b0cb17dAD8f01afF64a63bf5Ed0b,0.5215393172152522
0x581A8e799f523da76FCb9D3B6070920f1fC7d866,0.518686634332869
0x33D9Bb5487E3a92125f6f9160068B3a66193732a,0.4823851234241301
0x4260f45B8DEaF2CB87bfB5747B29a2eBA46D9245,0.47141062599768435
0x0F60DacC38f963A9aee3151750B2B38931169C82,0.4699335384925269
0x6B0652e5b4cABA8B3807101C8bCDC074A79470E2,0.46714721449050767
0xC346355e712acb0Ec15592f586fAa35CE487bF1C,0.46194783317582117
0xcee5a9A6194AE100fd6c6aAAfEc994504CBd2BdF,0.46029131589292166
0x43545039bD71D2234B6E5f0004d4d1392B32D3e3,0.4536333513819915
0x891b7349E1A594D02877618e382B8c90BF341147,0.4536330855658517
0xAa5D1125DcD349455dC5f04911BcB315Af10C847,0.44475455490303817
0x6779D441781AF068C331E835c2F985AC239Fa520,0.44254711169373934
0xC41aAaa3D4Dc57C86ec4F4f1caecf1a94aAEeC73,0.42499288766492416
0x4FCCdadefa59f528870024E5Cbe4226910d51De2,0.4249925030100605
0x899A8A919fc6b394B1cB1235D1E59EDF6A190157,0.41279173731596536
0x8BCd6b5984eA152bE27b2b5e898DBDA0F2bA0714,0.41258111903061045
0x6407B309349E843Eb69B696345cF671D53dd47CC,0.40740291443135246
0x4Ab5328a8C4310223aC5Af102A6B764280E7baFE,0.40729600183722037
0xA7f12dcf218F59541B70CB21c8936bC81266328c,0.40012392763553073
0x853B20029Cc67D3623E3aA6bf2b231B615461408,0.38822191589265365
0x1618406d203aEFA14526f77D79FDBEac9d42137b,0.386645957968534
0x806918f320b1e7714E01B2D37902E54486199e5f,0.3693763875146924
0xbbDd1b3C87c211E482CdA98eA14fa8bF50022CA0,0.366982546834074
0xc521B7822BdC46e3e811A9A10806F06c59A8804a,0.36555593888543814
0x70CC2Cd17112b1107917131C2E6D939d0b6df194,0.36283693255766303
0x0bdF3390e82EBc149E0cd62622e7e922701C169F,0.3474651852685004
0xF77da1df77df28664eb00E49F67e1224422eA23b,0.3455054579208297
0x18412B9F84df461bdc0f2e0709DF507d5BdB6363,0.3378303826676582
0xe974B32921FAB5B994d18E7D53d89789BAc732e8,0.33388155524823326
0x6B9891335237EE2b21f55F75379EbDEFb9eFC006,0.33230469482867026
0xfEbB340102d0A87EE45347B42796CDA64F13E2af,0.3167650164115682
0xe0E3C4c5b1c5f04959334f1aa7b761F26Fc77Fe0,0.30294993713288104
0xB37a6DFcF7669Bee504618e97A5c54EE0227B1e8,0.29657119610431304
0x70bDc226EA2A8bE4719B79c44534F642e56e0e5b,0.28656974481988745
0x6c82863026401B6B539a65c33818590b09e17927,0.2662408177849386
0x1D59d9fC68Fa6bAfDF03201939D6E8f10f7C75a0,0.26371539610853734
0xf377D5352F08d0B54f3d9736e95802a079282B4F,0.2596201305672086
0x1d7307a6DE292bd9F75CC1FBf0B733F6b61E369A,0.258984800442843
0x8332069234213f00d43462f34De78DD05A14Be2F,0.25146261896378225
0xf01742a83f5acb6097c092083ED806Ad1a6CFC57,0.2486903664082663
0x35F25FDA5027fCACD5f5fbfda2044A1375Fd2C9E,0.2434355170042026
0xBb718c12Ac938152Ed1fb1B3E330f88Fc1Eb424D,0.24270277669717366
0xb6Ed904c21c4edb69A4B9f022D49cfA33AA8B915,0.24230713474236934
0x97AE622eD41ceD92E3c2db8aD9835463EeEb2Ac0,0.2418760634444543
0x00cE83ae835ec985c8af65a5210f0e9C2d9ae8c7,0.2418760634444543
0x0a2D4f4995503db02B5151371358f2C23d9CCB1D,0.240212873251427
0x62d3C2A80d3cCe916b9b645CbcDA14d35418275C,0.23987681291053584
0xE643f2eAdC6eCBdAb108383Ef70C44Db32fC980E,0.2340846509505822
0x9a6C29FD6069b6FD8d177203f10555F3F0dB80AB,0.23258281080085702
0xbA4AB67e6037C30454F1C17554264bb513626C16,0.22989912644812527
0x50EEa44Cac4df540298fB49E38F705BFD25BdB14,0.22925212468031922
0x7251Ef955C4c4574971Fcbef3E02B593E22B8cD0,0.2251313730247254
0x9D329Bb9536101c919aDf92Efae13056eF92f0b3,0.22487066564512534
0xC074780F6f62D9A34FFe7426542Fb71bB84A0627,0.21961556259383194
0x6A7CC5E205BCe058454e1576419f3dAb1CE21637,0.2152720459961855
0x151B3e558C528Ad20e1759eF5e08CF20Fc9Ec16b,0.2143465535172151
0x2b4cd8a37677f7Fe0BB964666861Fd481838BABd,0.2124125594701228
0x81A7B1665E33373EC30aa4B782fFbcA7e2f5b4Bd,0.20341159808359802
0x041e5E88722FA36fF7e554C20D826Fc52cB89825,0.20046411489216234
0xe6b221eb84084CbF557465CB8972cE2eaCA59382,0.19589634805461464
0xE87AC34A24E531336C7e467cCf4b62BdfEaAd3Ba,0.18958363879252882
0x5D5aE06E513Dc1c0E8d034D462110fDf31E3776C,0.18477913327032847
0xc5D16847874F3C47C5dfEc353d01105896459D0f,0.17923625776961402
0x4E20b0f4a0D2315Eb27E857685c3C5ccB8084077,0.16927968258484224
0x9E29f9084B6D5F7F686628CBD10e1BAcc1A62039,0.16815439060511897
0xE3DAa1cE18aa867F6e8e1EFCB182012a85c18F48,0.1676660391232001
0xE49a87E411842b4F65cA05E82A91244bE6dbab4B,0.1663012199432956
0xfF8991b1FA6b84e141Bde964D442Ceae0348040E,0.16291598081659048
0xb1B1C7f985dc89E73e25b485f0c04794EC6F6358,0.15928598530164587
0x01A65849819a8A826c2de8eA5151F5294A0AC66f,0.15776392839125258
0x2a878245B52a2d46Cb4327541CBc96E403a84791,0.15447978142057575
0x43a66Af60EBf2E445F12D303fE93ff6F2c8cc102,0.15438687723020897
0x084D07f2a0bc13DD3608dC356D5c07c7312cF5f0,0.15430791804574828
0x59Bc77219D741abeD086841C2C4ea53c38440f1f,0.14930406298670976
0x4Acd9F4606300aFE04B9F5eD79495576e3742c6c,0.1468996789626722
0x3d892F8a18543959C1f8865cE7b6b45654c8f073,0.14106235984111518
0xfB198bB27fdbc38AB1524248670A43F6ADc0EACd,0.13951279234962535
0xEf89837D709f8AC0872d4203d814A4f0Cf4c117e,0.13858609617875436
0xb773B412651F8b410431a5b5452b8070585e1d85,0.13848558816768317
0xeE403f3F46B87878cd139D3DA4917bB6B92C8067,0.13325081727595708
0xc88A90E06f4b47631AF60D1bEF0Cf3bB5cd3F1FB,0.12913996707000172
0x14FDF8E295a46953B18bb31C2fdbCf2b4c89b622,0.12753060257730278
0x78C97eB9bE5DB37A6c99c1D32F5d71D4d50cFa41,0.12311425777525085
0xcf7e6C2B8fa19ce73453EFF366Dad5793f583B74,0.11688219091560752
0x2f670A086b5b426BA56086149Ca1904027E403b9,0.11086999815233287
0xdE24995231bd1028e1B3b5a96A1794197d5cE372,0.10745830438209393
0xadBd9dB2962E603a569ef8c0E02BB5f41CEa314e,0.10717222895029077
0xEDbE6eD3426E6c12bf1d1cD4BA06Cc620D0800F1,0.10551065764469153
0x86fFf6af1614bc18c72840ff8e6C033DD43BEd8A,0.10165382540180358
0xe2A58a7C29Bccb59CF0Dd8b5F91573c11e6dDbB5,0.0999039475799937
0x0Df8DeE55C76C9491E331A323f8BC12101314925,0.09832929185127552
0x9c775669d78Ff321b35796BABd19987BA5a91FD5,0.09440387147832209
0xC1879c1268289858D24130e29c1ee7cC8B2734e5,0.09412222606961135
0x0B24Dc8537340DCF4FF89f522F32ceb6395ef396,0.0867668394783023
0xffCd79396161f6D9207B67eD35F535e2189bDC28,0.08058652205919832
0x89Db9f13F6d0476E45CD4E170CB7524F610E50b8,0.08019156075749026
0x9D9C7A3ab563C70423854a8e2cC54d26A1859450,0.07815056279105656
0xC0C2f9fc654A8f3Dba8B467f6166E52eF4Ad5c2F,0.07760834625772305
0xf131e268Ea9dbd9a9892d1f8Ee0141Cb2e6cFd30,0.07738493465812148
0x3fC9f7837171D760ed13fB9319691f684D822f16,0.07713406094119384
0x729325A16d98907a5613b47E737866CE505012DF,0.07463727605951857
0x63C9c98C84fae150F0649560B94baCD42c467654,0.073214326337903
0xECab6F71D28E8248b46c87E38ae1B1BFcDab6a9d,0.07309989146218314
0xD546AECbA38Aba6CF8b8070D20edc50e4DE3f86D,0.07247339104205817
0x6a0b5AF52E84Ae8C4cdB232DCb975227964eD103,0.06732602564261149
0x9B09c5c7CDc9C4578F852c2Ea2A909004c5b3907,0.0665336564004718
0xcd4B16dFc9fda534Ee78868a30916075eB307967,0.06508142397300731
0xda2803225a0e0d8e81875778793cD07e3177Bf2C,0.0650094476558927
0xB5856DDddE03eF3Dd55b8B575067fF300629C4Ba,0.06468454529823124
0x2B9f9C5e3B0Aa69Bd24EE97b5130E0972af78C24,0.06103424881801047
0x9bE945B5D92d421e2D28776442432Cb980aa25bf,0.06005326886495264
0x783dd19D7194750dC5E8871eB33Da2f6048aDE30,0.05933216598763211
0x2252Bdb50f48B23e124e7a98542e2Bd2325cC4b1,0.056387143421941635
0x912A94961b3762Aee9cE034115aFeEE694F8fB00,0.05543378463551297
0x2584Cd4EaC415B8fc5Acc02Cc6E552b13110592F,0.050194978775612416
0xf512a9AcF2885f3a43d362F2b506A42550483684,0.048045580888761985
0x2e5C2c8cE95E1D86C3e71Ee2F1815eC96c796E6A,0.04661292054611038
0x38B87Fa5F96C02Db53Bb710026d95B5Cda20ba70,0.04481105074077084
0xC4f0353bC0606c40AE8fFb838d9568323CAf3063,0.04434705884985401
0xe91F20C8C5E79B60F8AeB4Fb6Ac9c6d44716E225,0.04431661451721489
0x7e4c4e1Cf0d81ad380E1dd7DC468B9C881b0B7b4,0.04186404129366038
0x1463F69324500781c86114b8586ADe01e784F888,0.04035586525612553
0x00000000b7ee307ee8dF511636E2D2489684Ac55,0.03954276639448926
0x2f3Db2A40C01d1fDd6Fd4ac6040684292B8807e8,0.03627428564818375
0x35869A674086d32251aa1836Ee38FaA663917c67,0.03381686714696784
0xE37bd826C5c567072984baA815cC87436970A1a3,0.030257378394008817
0x29EbEB217Ad96896b25f6ABE4Fcc3480974c521B,0.030238370064467484
0xef1E7Ec8E1894F34F4d6d6EFF8D9A55233c77CA2,0.03002691161142901
0x32dF4DF996B27FcE7fd2D6F1c289de94906FF3ea,0.02882577850464367
0x3F8DAf9Ee87e59E2C3490c3D539998732eAbDB6e,0.027766711551281572
0x2c4423646c318D06D635C168a788C42d8C33D51b,0.027716886686907413
0xc8420f8DCAcF3B7d340228cC6974C795944aC429,0.026984155028365344
0xd8a592ddD146504dDDbc2d6872a00ec0Bce28b07,0.024298626937826986
0xF5Cf20EbC18c8F334eFecD9E55E500F6D65b4527,0.02291677666214939
0x981dA63029fB1071E6f9c2cd5E30688407AF59d5,0.022179707394695887
0xcB14b9f56D3C4d1008B57d63eF35FecD61385A71,0.022173517610777727
0x1734e85a5d4E22151bC43dEF28B1A65BC58654e0,0.021989496419831063
0xaf37D6B9BfE0F5e4954Ba1f2d0734aac32b2ae34,0.02170452050371235
0x26A684A266cA87620ddb190293823FC2A6B2231f,0.021432238486670755
0x1deDA121832F1B532BD90F470E76B2bdEf8C293a,0.018535452057244363
0x0f3D6Dd1fF49747d36d54Cb2F71670dC6737556e,0.01847802232833913
0x116E0D90452a35044b0650e0463a6DB8eBAEF911,0.0171759336259009
0x070c7a7bEAA34248fB27DCD44fa30419C08b8A5c,0.016999702852865495
0x1D33BBe15f7CBe45676F3663340Ae6e8B2Bc5DE4,0.01570672484462432
0xEa7f67C578c52E0BCDCf80996755B9abC4AFF4FF,0.014786216695672604
0xe18a839B9Bb1dc4893346558449E4e7A47A4e32C,0.014656589845256836
0x79B621f557D31Ff9dEC54b5Af643F1D03CAD5B9a,0.014087026715126369
0x385C0404E01e014096413B48af6Bdbba7eC4A008,0.01395217161560969
0xf9EeB4928ADc3f031bEb7b7aE560Be5DB5CDA48b,0.013454014534655636
0x2F6f5C852094B9d60BE942Ac87603BE5fF451E49,0.013226402116041229
0x4324Ee330aFb092c417feD2391e67737B28F0f62,0.012282450421063799
0xc7AC5f927F6F50E79D91EA213fBD6de533f73af0,0.012188344148055277
0x552cAe73A8620591E78d86609Ae9B1c4EBC4c345,0.012017420933413944
0x90FF27642013F0d93651ff964Ce4b5fca7dCF62A,0.011875090730572333
0x9b115BB348B51a6052e59364d10834d1c0F9E101,0.010162878768442523
0x2e95E1cD077f29733C65D885Ce7AFE278d0726A6,0.009567384433362323
0xBe04E156Ca437C714F256494c974ef7D93D10833,0.009428916855892488
0x6B5857934545bb955823679698586F4268F45bCe,0.008592239705248918
0xc1a2584076e0679Bb15D8dD36f438a453d0CE16E,0.008499921742907837
0x61e7E67C06F2d58b52dAdEd8279b9212d6d053AB,0.007861389684678024
0x194D5b3a2a3ed9240D9b4E87776d7C9396BD5404,0.007853318834882026
0x4919605b857926734476CB53aDD1CE0e1C8B7763,0.007700932547876459
0x3bC079Dc5a8860F030b55f93aB0CAD859A529798,0.006758802816607384
0xD7E93D5037F99Ff72965128419E2069Fd6ff6e90,0.005173992418195753
0x944fdeA9d4956ce673C7545862cefCcad6Ee1B04,0.004833506451634522
0x199fD4BFc1F012bbffa5f53F931B32037266fccC,0.004564661772825771
0x3A2cE6C93E99ecAD2662F070CBdfee991947091a,0.003072034453065186
0xC51eEf1420cd91DDbe41B20fFB77B1B537eF2A50,0.003005899549165562
0xF5f1bd0e5BC743Cf540b6305eCDF41a48347Cb96,0.00210644894296696
0x4DAF2C826A63d065A673bDd8B49d0F71656532a9,0.00166356751827351
0xc08D09BC3b95DBE888B2c829fA10f3456F4C4437,0.001108675303105558
0xF531c7A28a3492390D4C47dBa6775FA76349DcFF,0.001013485375186807
0x82a16dA15983411E9fAC0d7F92d7A2b156D7D361,0.000461966343471466
0xDe992D372eD8D10b18A6672b90ae5ee72125C15B,0.0004157911783165
